Video Link,Type,VideoId,Transcript,Status,Clip ID,Start,End,Text ,Category,Reason,Editor Justification,Drive Link,Confidence
https://drive.google.com/file/d/1rjDwXzM8LFjZfv7byImpk2gJhIRmD_AA/view?usp=sharing,drive,1rjDwXzM8LFjZfv7byImpk2gJhIRmD_AA,,Analysis complete,,,,,,,,,
https://drive.google.com/file/d/1LQzodKSSmK74QRKp4oD7PDMA34uaxsF8/view?usp=sharing,drive,1LQzodKSSmK74QRKp4oD7PDMA34uaxsF8,,Analysis complete,,,,,,,,,
https://drive.google.com/file/d/1uj3k-_Bb8zv_LYnujZM-r9PgsPmASynk/view?usp=sharing,drive,1uj3k-_Bb8zv_LYnujZM-r9PgsPmASynk,,Analysis complete,,,,,,,,,
https://drive.google.com/file/d/1cZZZGSTXlLzPa9Whfwy6y1-Qx0pHVWEK/view?usp=sharing,drive,1cZZZGSTXlLzPa9Whfwy6y1-Qx0pHVWEK,,Analysis complete,,,,,,,,,
https://drive.google.com/file/d/1ejRAhiXeJCB8fvvFvmyqnHBHtT2nGLp7/view?usp=sharing,drive,1ejRAhiXeJCB8fvvFvmyqnHBHtT2nGLp7,,Analysis complete,,,,,,,,,
,,,,,1rjDwXzM8LFjZfv7byImpk2gJhIRmD_AA-0,0:14:41,0:15:02,"चलएए न ही टइमम नहीं मलगेगा, न, न, न कईई जञनान नहीं दगगा। टचरर को जञनान दनने वलले का आज तक सलकशनशन नहीं हआआ है। मनंने नहीं दखखा है
मनंने पछलले 10 सलल के करयरर में 1 भी ऐसा बचचचा नहीं दखखा जो टचरर को जञनान दे रहा था और वो सलकटक्ट हो गया। कभी नहीं हगगा। तो इसलएए जो मैं कहूँ वो बलनना है। जञनान नहीं चहएिए।
तू जञनान नहीं दे सकता, धयनान रखययो
है,",Sarcastic Line,"This line is a savage, sarcastic punch directed at students trying to act smart, matching viral, funny, and relatable classroom banter trends (#RelatableStudents).","Selected the setup and sarcastic punchline for maximal impact, ending just before the segment shifts tone, ensuring a self-contained, viral-worthy arc.",https://drive.google.com/file/d/1cKB_ZzVmUeb_ucTG4TcUaLn57jsa_N9O/view?usp=drivesdk,0.95
,,,,,1rjDwXzM8LFjZfv7byImpk2gJhIRmD_AA-1,0:14:59,0:15:16,"तू जञनान नहीं दे सकता, धयनान रखययो
है,
जतनना टइमम दे रहा हूँ। सफसएटएंट है ये कवशचन्चन घर से करके आना चहएिए। अगर आप करके नहीं आये हैं तो भयया अपने मथथे पर 2 तमचचे जरर जरर से मरएिए। तककि झननटदरेदार कछछ लगे है
चलो",Funny Joke,"This is a classic, exaggeratedly funny threat in desi teacher style, directly appealing to trending 'strict teacher' meme culture and relatable classroom humor.","Starts with the threat, includes the over-the-top call to action and wraps at the comedic peak, perfectly fitting the Desi strict teacher meme trend.",https://drive.google.com/file/d/1IBCTuSj3JNXfLB1KPCa_cRcW-4sRZ6TI/view?usp=drivesdk,0.96
,,,,,1rjDwXzM8LFjZfv7byImpk2gJhIRmD_AA-2,0:02:08,0:02:37,"जो मनंने दनन लखवयाया था कतनने लगगों को यदद है अपने दलल पर हथथ रखो और खदद की औकतत खदद बढ़नने की कषमतता। अपने अदरर डवलपप करो पढ़ना पढ़नना तो हम सखएगएंगे, लकनिन पहले यह जननना अति इमपरटट्टेंट है आपके लएए। अति महतवपरणर्ण है आपके लएए, कयकोंकि जदगदगी में कससे जनना रहना, ये सब भी जननना हतता है। भयया इसी को समझ गए तो ये पढना लखनना। और अचछछा कमम करता है।
नहीं तो फरर पढ़ लखख के लगग अनपढ़ रह जतते हैं। जससे दखगोगे यू टयबूब पर कछछ यटयबयूब है, वो कससे है, वो अनपढ़ हैं, पढ़े लखखे हैं, अचछछे कलजेज से पढ़े लखखे है। लकनिन अनपढ़ टइपप का बहवयरियर है। कमपलटलीटली अनपढ़ मतलब डगर्री धररी अनपढ़ जसकको कह सकते हो वो डगर्री धररी अनपढ़ की तरह है। तो डगर्री धररी पर नहीं बनना है। ठकक है अपने अदरर शकष्षा का जो पढयया जएए, जो सखयाया जएए, वो आचरण में भी लनना है। सखनना तो है ही है। कसपटेप्ट में सखऊगऊंगा जईई एडवसंस लवलल पढऊगऊंगा। उससे रततती मतर्र थड़ड़ा भी कमजरर नहीं हगगा, कमपलटलीटली कटटरर जईई एडवसंस हगगा। कईई बचचचा कससी ए आई आर बचच, कससी और कचगिंग जनने की न सचचे। मैं इन ऑरगनकनिक के लएए तो दववे के सथथ कह रहा हूँ, इससे जयदादा पढ़ने की कईई जररतत नहीं हगगी।",Inspiring Story,"This segment delivers motivational punch about self-worth and hard work, aligning with the 'MotivationWale' trend and student success narratives.","Starts at the motivational setup, builds emotional momentum, and closes after the punchy, inspiring message for a full, self-contained arc.",https://drive.google.com/file/d/1QIxTDRnUhk9e_UvGXljbc2Xx63WI1kyC/view?usp=drivesdk,0.94
,,,,,1rjDwXzM8LFjZfv7byImpk2gJhIRmD_AA-3,0:29:11,0:30:03,"बहतत अचछछी बतत है, दखखो अब मैं तमह्हें 1 सतयय बततता हूँ, यह तो तमम करो करो कवशचन्चन करो।
1 सतयय यह है की हमररी मममयिया हमररे लएए सच में बहतत जयदादा करती है।
और मझझे ऐसा लगता है की ये अब अतमिम जनरशनन है। मममयियों की जो इतनी फकरर करती थी, इतनी कयरर करती थी। ये मैं सररी मममयियों के लएए आज की डटट में यह बलल सकता हूँ,
कयकोंकि सबकी ममममी अभी इसटगरमग्राम पर नहीं है। यू टयबूब पर बहतत वससा कनटटटेंट कजयमयूम कर रही है। और ऐसा
सडफमरजमकरिजमके चककरर में नहीं है, ठकक है और खदद बचचचे को ठकक ठकक तरकके से पलतती है। हाँ अपना खदद भी अन करती हैं लकनिन गरवव के सथथ, परइडइड के सथथ रहती है और आपको पलल पसस पा रही है। अब तक ऐसा था आगे चल के तो लगग शयदद बचगंगे इन चजजों में जनने के लएए तो बटटा अभी जो है आपके पसस
अलग अलग है,",Emotional Story,"This is a heartfelt emotional tribute to mothers, strongly resonating with 'Parents vs Students' (trending) and emotional storytelling for NEET/JEE.","Begins with the emotional reveal and tribute, closes with cultural relevance and the start of gratitude, ensuring an emotionally resonant micro-story.",https://drive.google.com/file/d/1Tj2DGB9_fQmBw4vDswA5pryOsqcTI0h8/view?usp=drivesdk,0.93
,,,,,1rjDwXzM8LFjZfv7byImpk2gJhIRmD_AA-4,0:38:19,0:38:30,"चलएए रदर ये बतत लखख लयया सब लगग, चटट मैं ऑफ़ कर हा हूँ थड़ड़ी दरर के लएए कपयया नटट करे।
आइए कयकूंकी यहाँ भी जररतत
है? नहीं कईई वो करने की, इटरकशन्शन करने की।
दर कतनने आरपप है 100, दसवें नबरर पर डर से रएए कपरर 111, 112 रो कपरर पर आ जयगेगा। ठकक है डर से रएए कपरर। अब फरर आता है 113 पर आएगा नहहा यदद रखना नहहा जी कतनने नबरर पर है 100। तरहववें नबरर पर मैं आपको अभी यदद करऊगंगा उगलयियों पर यदद हो जतती है। चजजें चतंता की बतत नहीं है। ठकक है",Funny Joke,"Chatti mein off kar raha hoon thodi der ke liye' is a classic teacher move, mock-serious and playful, perfect for short, memeable content aligned with classroom skit trends.","Starts at the catchphrase, delivers the teacher’s interruption and casual logic, and ends just before the topic changes, maximizing memeability.",https://drive.google.com/file/d/1_84oBM1Q3tpNb1QOXV3GUZMbEdL2Juwf/view?usp=drivesdk,0.9
,,,,,1rjDwXzM8LFjZfv7byImpk2gJhIRmD_AA-5,0:26:35,0:26:48,"तो भयया जी, आज के बदद ऐसी
कईई वन फरर थररी बलनने के बजयय कयया बलगेगा
हू
कययू
टी
है उससे उसको अचछछा भी लगगगा। यु कययू टी
है,
चलो चलो, चलो",Funny Joke,"This code-like wordplay on 'Huu QUT' is a quirky, funny trend bait, playing into viral Hindi slang/inside joke humor.","Captures the setup and completion of the 'Huu QUT' wordplay, ending before the narrative shifts, preserving humor and virality.",https://drive.google.com/file/d/1vbVXWs90V5qeHzmnZaJSMbs8BSOlu1dQ/view?usp=drivesdk,0.91
,,,,,1rjDwXzM8LFjZfv7byImpk2gJhIRmD_AA-6,1:31:53,1:32:36,"सब की जदगदगी का रकवटवट कनन है, मतत है
सबकी जदगदगी का रकवटवट मतत है। तो ये सबको यदद हनना चहएिए। और मैं
चकक करगंगा। चटट में यह चजज लखखी हननी चहएिए। रहगरीर कययों आगे आ पटईाई करगगे। नबबब मतत रकवटवट रहह पड़गगी ये कतनने एलमटसंट्स
हैं? दखखो भयया, ये बरहम्म सतर्र, वशवसवास मनएिए, ये जवलाला ओ पी का 1 बरहम्म सतर्र है। इस बरहम्म सतर्र से बहतत बड़ा कमम नपटनने वलला है, बहतत बड़ा कमम नपटनने वलला है। तो भयया जी बरहम्म सतर्र लखख लनना भयया, इसको
जवलाला ओ पी लखख दयया है। मनंने तो कईई बतत नहीं है, बरहम्म सतर्र नहीं लखख रहा हूँ। कलयरयर है भईई, चलएए
हटा रहा हूँ। यहाँ पर। जवलाला ओपी कसपटेप्ट है,
मनंने ही बनयया है, डजइनइन कयया है। तककि बचचचे फससे नहीं, ठकक है, सब लगग पहले लखगेंगे रहगरीर कययों आगे आओ पटईाई करगगे। नबबब मतत रकवटवट रहह पड़गगी ये लइनन अलग है, वो अलग है। अपने आप यदद रहगगा कतनने एलमटेंट सनन के दखखो। 12345678989, 10, 11 ये जो आप 11 एलमटसंट्स दखख रहे हो,",Shayari,"This is a poetic, almost Shayari-style mnemonic punchline, memorable and fun for exam preparation, right for viral academic Shorts.","Starts at the poetic memory hook, includes the mnemonic and punch, and ends before numeric listing, giving a fun, self-contained micro-Shayari.",https://drive.google.com/file/d/1aS-FpM3PiNE8vZHiZooiFXTXMtOi9sHv/view?usp=drivesdk,0.88
,,,,,1rjDwXzM8LFjZfv7byImpk2gJhIRmD_AA-7,0:01:34,0:01:49,"हा कछछ लगग गडड इवनगंग कहते है गडड इवनगंग नहीं भयया जय जवलाला की बलनना है तो बललो जय जवलाला की है।
चलएए
पडएफएफ हमने दयया था, आगे भी पडएफएफ मलतती रहगंगी। चजजों को मैं वहाँ पे अपलडड करता रहगँगा।
ठकक है
ओके कनकट्ट हो कर के रखयये, जयदादा अचछछा रहगगा, बनफशलिशल रहगगा। कईई बतत हगगी मैं तो जलददी बता पऊगँगा। आज दखयिये ये 1 चजज नई ऐड हईई है। आप सभी लगग दखगोगे लखखा है मैं जवलाला हूँ मैं जवलाला। फरर आगे कयया है जवलाला का ही जलवा है,",Funny Joke,"A funny teacher-student catchphrase moment — highly shareable, aligns with 'Hindi Slang in Tutorials' and recurring meme lines.","Opens at iconic catchphrase, builds through shareable Hindi banter, and wraps at a recognizable meme phrase, perfect for Shorts.",https://drive.google.com/file/d/18V0e0m0NgAYSYCQzQqaOwE8YVxhE0tUi/view?usp=drivesdk,0.89
,,,,,1rjDwXzM8LFjZfv7byImpk2gJhIRmD_AA-8,0:09:13,0:09:46,"फफत्त परयडयड का मबरबर हगगा। अगर आपने खदद से नकलाला है पलजीज अपना पठठ पइएए कयकोंकि आपके लएए कईई तलयियां नहीं बजनने वलला है। वशवसवास मनएिए जब तक इसनान सफल नहीं हतता, सररे लगग जो बठठे हएए हतते हैं वो उनमें से कईई भी आपके लएए तलयियां नहीं मरगेगा। जब तक आप सफल नहीं हतते हैं, वो सरफ्फ आपके लएए 1 भड़ड़ खड़ी है। समनने, वो भड़ड़ आपको उतसहतहित तब करगगी। आपको आपका परशसकसक तब बनगगी जब आप सफल हो जतते हैं।
बना हआआ शहरखुख खनन हर इसनान को पसदद आता है। बनता हआआ शहरखुख खनन कससी को पसदद नहीं आता। तो धयनान रखयये आप अपने लएए यह बतत बलएिए। जो भी आपका नमम है जससे मनन लजयिये भममि जी है तो भममि जी अपने लएए बलगेंगी। मैं जब तक बन रही हूँ उसमें मझझे दनयिया भर से बहतत कछछ नहीं सननना है। न अचछछी बतत, न बररी बतत। अचछछी कईई बलल दे, शकरयरिया आदा कर दनना, बररी बतत बलले तो उसके समनने से हट जओओ। भयया नमसकरार अगले दनन मलकतकात हगगी, जब सलकशनशन लकके आयगंगे तमह्हें खदद मलल के हमें धनयवदाद दनना पड़गगा। ठकक है तो हम इस लयकक बनयये। खदद को और लयकक बननने की सथतिति ये है की बनना महनतत के यरर बनता नहीं है। ठकक है पयरारे सब कछछ महनतत पर ही डपडेंड करता है। धयनान रखयगेगा खदद का पठठ थपथपतते रहयये। पयरारे कलयरयर है। तो फफट्टी। तो अगर आप ने सही बतयया है तो आप कयया कहते हैं भयया ये पी बलकॉक का है। चलएए ये पी बलकॉक के आपको पता ही हगगा सटटी फइवव कहा का",Sarcastic Line,"A witty, slightly sarcastic proverb about success, easily memeable as a viral Short for exam aspirants.","Focuses on the core witty proverb about success and applause, closes as the advice concludes, capturing a memeable, motivational arc.",https://drive.google.com/file/d/1JgOeTk1UdwEnW3Xmy-35EUlK85zExnJK/view?usp=drivesdk,0.87
,,,,,1rjDwXzM8LFjZfv7byImpk2gJhIRmD_AA-9,0:29:40,0:30:53,"सडफमरजमकरिजमके चककरर में नहीं है, ठकक है और खदद बचचचे को ठकक ठकक तरकके से पलतती है। हाँ अपना खदद भी अन करती हैं लकनिन गरवव के सथथ, परइडइड के सथथ रहती है और आपको पलल पसस पा रही है। अब तक ऐसा था आगे चल के तो लगग शयदद बचगंगे इन चजजों में जनने के लएए तो बटटा अभी जो है आपके पसस
अलग अलग है,
मममयियों को आपको कयया करना है, धनयवदाद बलनना है, शकरयरिया ये सब कमम सभलनलने के लएए बलल ना कि हम नलयकयक बटटे या बटटी हो सकते है। बट आप हमशशा कयया रही है 1 लयकक माँ रही है, ऐसा हम कभी जञपतपित नहीं करते और ऐसा करने में कईई बरईाई नहीं है, उनको भी तो बटरर फलल हनना चहएिए, उनको भी तो लगना चहएिए। भयया इतनी महनतत करती हूँ, इसको चलो थड़ड़ी तो शरमम है
और 1 तरकका और बतओओ जब तमम ये सब मममयियों को बलनने जओगगे तो ममममी पता कयया कहती है।
यह सब कयया कर रहे हो। चलो पढ़ लो इस से बढ़यया तो भयया तमम पढ़ लो जब वो कह रही है पढ़ लो उनका पयरार ये है की भयया तमम पढगगे तो
उनका पयरार तमम पर जयदादा अचछछा है, ठकक है भईई पढ़ लतते हैं,
चलो
आगे बढ़ते है,
ये रयलटिटी है। भईई
मममयियों को हम लगग धनयवदाद नहीं दतते, बहतत कम दतते है,",Parents vs Students: Exam Time Struggles,"A relatable line encapsulating the parent-student exam struggle trend, matching channel and viral trend-analysis cues.","Starts post-attribution, covers the parent-child struggle and emotional payoff, ending after the statement about gratitude, perfectly fitting the trend.",https://drive.google.com/file/d/1d5j9BXbe7JqzFdLHEXXV8AJYSwtuUAzP/view?usp=drivesdk,0.89
,,,,,1LQzodKSSmK74QRKp4oD7PDMA34uaxsF8-0,0:26:07,0:27:12,"कनन से वलले पपपा
पपपा
पपपा सननो पपपा ने बलला हाँ बटटा कयया हआआ
पपपा
आई वलल सकरोर ए
सगलगल डजटिट रकंक और ए डबल डजटिट रकंक।
वह वहह वहह मररा लडडा बटटा
ये सकरोर करगगा सगलगल डजटिट अजी सनतती हो
अपना जो लटलल गललू है
वो
सगलगल डजटिट रकंक लकके आएगा
फरर रजलट्ट आया
पपपा ऐसी कयया बलला था की सगलगल डजटिट रकंक या फरर सगलगल डजटिट
डबल डजटिट रकंक ले के आऊगगा रजलट्ट आया।
सगलगल डजटिट में मकस्स आ गए,
सरर पपपा रकंक तो नहीं आई
डबल डजटिट में, मररे मकस्स आ गए,
अगली बरर पपपा आई वलल टरईाई मईई लवलल बसट्ट
एडड आई वलल सकरोर 10 सगलगल डजटिट रकंक और डबल डजटिट रकंक।
इस बरर तो सरफ्फ मा आ
के सर पचसस मनटट बरबदाद
ठकक है बटटा
तनने शयदद कछछ झडडे गडडी दनने थे। रडकशनशन फरमलमूला की बतत करगंगे बटटा आज की कलसास में",Funny Story,"This is a highly relatable and funny bit about parental expectations for JEE/NEET ranks, matching the 'Funny Parental Pressure Skits' trend—perfect for viral meme edits.","This cut begins with the comedic parental ranking setup and ends on the punchline about wasted time and future class, achieving a self-contained viral parental pressure skit.",https://drive.google.com/file/d/1Lr3Nlvdy6q7BlLURpHCflITZoTFU7IL3/view?usp=drivesdk,0.97
,,,,,1LQzodKSSmK74QRKp4oD7PDMA34uaxsF8-1,1:52:45,1:53:21,"डटलेल में पररा बतयया भईई खलल के कनकरटरेंट कनकरटंट थड़ड़ा बहतत आपको पता हगगा और कनकरसतबहतीतोबहुत आसनन हतती है सबको पता हतता
है
न?
हाँ बटटा तो दमगाग की दही हगगी, दमगाग की लसससी हो गई, दमगाग के झगग बन गए।
वससे तो मन है की ये सवलल डबब्बी दनने का
बटट कर के आएगा और कयया है
ये सर अचनकक से बकक गरर शफट्ट कर दयया, आप चले गए कहाँ पर
मगर जईई डवसंस 2022 में सटट थयरोरी का सवलल आया तो मैं कयया करूं यरर
परबबलटिलिटी हलककी फलककी तो पड़ी हगगी,
हाँ वो वलली फवरबलबल पनन टटलल",Funny Joke,"The phrase 'दमगाग की दही/लस्सी हो गई' is a viral Hindi meme and captures relatable exam prep frustration, spot-on for humorous Shorts aligned with JEE/NEET meme culture.","Trimmed to start just before the viral 'दही/लस्सी' meme line and include the funny exam confusion, for a coherent, relatable comedy burst.",https://drive.google.com/file/d/1VL6vvOQ9xF4kY9I5Qc05e_DIZj4m_IrD/view?usp=drivesdk,0.96
,,,,,1LQzodKSSmK74QRKp4oD7PDMA34uaxsF8-2,0:00:57,0:01:06,"कससी चल रही है पढईई और कससे है आप सभी लगग अरली ओ पी
तमम थड़ड़ा सा लटट हो जओओ तो लटट ओ पी
सही टइमम पर आ जएए तो अरली ओपी
भईई तो तमहरहारे ओपी नहीं रकक रहे हैं बहतत अचछछी बतत है, बहतत अचछछी बतत है आपका परटसपशनिपेशन ही मररी एनरजजी का रजज है तो",Attention to Chat,Fun classroom banter using 'OP' (overpowered/opposite to 'latecomers') is trending language on educational streams—likely to boost comment engagement and shares.,"Starts with the relatable 'early OP' callout and ends at the natural class involvement transition, maximizing chat engagement and meme value.",https://drive.google.com/file/d/1QUl1hsw6dzMLaAKgUUlyJq51uHxAgzTt/view?usp=drivesdk,0.94
,,,,,1LQzodKSSmK74QRKp4oD7PDMA34uaxsF8-3,1:05:15,1:05:31,"जो बचचचे इसका जवबब जररो दे रहे हैं। तो थड़ड़ा सा तो सचच मररे हररो
इसका जवबब जररो कससे दयया
ये नबरर यहाँ कहीं लयया करता
है? मइनसस जररो, पवइटइंट जररो, ऑन ए टू, इसके लफट्ट सइडड वलला नरसस इटजरजर। तो यही हगगा न। यरर
बहतत बढ़यया आई हपप दसस इस कलयरयर टो एvरyबoनआजओफटफटफट इन फलइगइंग कससिस में आपको कवडरट्रेंट आइडटफईिफाई करने हैं",Emotional Story,"A moment reflecting genuine student-teacher bond and nostalgia, which resonates emotionally—high engagement via 'MotivationMonday' angle.","Clip is trimmed to student answer camaraderie and teacher’s warm reaction, forming an emotional and encouraging moment for audience connection.",https://drive.google.com/file/d/12urY0DlMXUJ_dvUUlyHYey7iZ7z8LD2Q/view?usp=drivesdk,0.89
,,,,,1LQzodKSSmK74QRKp4oD7PDMA34uaxsF8-4,0:05:14,0:05:34,"आप अगर 10 कर पएए तो में आपको ये नहीं दखनना है की 10 सर मररे तो रह गए,
मैं तो फ़लल हो गया, मैं कससी कमम का नहीं हूँ, मैं डी मटवटवेट हो गया, मररा यह कलयरयर नहीं हगगा ये सब बततें नहीं सचननी है आपने सचचा की 10 हो गए 10 और बचे हैं टइमम नकलाल कर इन करर करगंगा तो कनन सा एटटयटयूट रखना है। इतना तो हआआ कम से कम आया।
अब उसके बदद मैं आता हूँ की आई कनन अडरसटडटैंड की आप में से बहतत सररे बचचचे",Moral Boost,Relatable confession transforming into self-acceptance and practical motivation; this turnaround is hook-worthy and fits trending 'motivation' content.,"Focuses the cut on the motivational self-acceptance arc, with a clean transition to the next thought, giving a complete turn-around for Shorts.",https://drive.google.com/file/d/1SoDxCU6jrhlJ41Iz8B0QIzKVTuCxIjp-/view?usp=drivesdk,0.91
,,,,,1LQzodKSSmK74QRKp4oD7PDMA34uaxsF8-5,0:57:53,0:58:19,"पईई बईई ससटनटीन सनना है। अब 1 बचचचा जो है वो पईई बईई सकसटनटीन को दखतते ही पहले डगर्री में जएगगा बलले सर डगर्री में कनवरटट कर लतते हैं।
मनंने कहा उससे कयया हो जएगगा ये तो बता
तझझे इनके सथथ पईई में ही खलनना सखनना है।
जयदादा कफयजनूजन हो रहा है तो डगर्री में कनवरटट कर लो पईई की जगह वन ए टी रखा 8 इनटू
सररी
4, इनटू 4 16 और यह लखखा हआआ सरर 45 डगर्री बटे 4
बट जयदादा कछछ समझ में आया नहीं तो मनंने आपको कयया बलला था। रगग बरगंगे एगलल दखखे हैं जनकको आप नहीं जनतते हो कयया करना है। सरर एगलल को 90 में से घटकरर 90 में जड़करर वन ए टी में से घटकरर। वन ए टी में से जड़ड़ कर या 2 अलग अलग एगलस्स को जड़ड़ कर दखखो। आई कनन सी की पईई बईई सकसटनटीन, पलसस सवनन पईई बईई सकसटनटीन",Sarcastic Line,The teacher’s sarcastic tone on rote conversion for trigonometry is meta-humor for NEET/JEE crowd and matches 'Teacher vs. Student' skit trends.,"Focuses on the teacher's sarcastic roast about the student's rote habit, ending at a punchy meta reference—completing the joke and academic satire.",https://drive.google.com/file/d/15gw8V39xZ-RZA9dnlLacXP6HxfsSx0Wt/view?usp=drivesdk,0.93
,,,,,1LQzodKSSmK74QRKp4oD7PDMA34uaxsF8-6,0:13:58,0:14:53,"कयया मररी बतत समझ ले और जनकका डमी नहीं है तो फरर आप इसका भी एटलसट्ट और इसका भी एटलसट्ट दननों का एटलसट्ट कमबइनइन करके चलो। सकलूल का एटलसट्ट मनंने बता दयया है। सकलूल के नटस्स कमपलटलीट करने
टचरर जो बतत बलल रहा है, जो सवलल करवा रहा है उनको दखतते रहने।
कयकूंकी ऐसा हगगा की थड़ड़ी दरर में मननो जलईाई में कससी के पी टी आ जयगेंगे, जलईाई में कससी के यू टी आ जयगेंगे तो हो सकता है वहाँ पर चपटरटर 5 आ रहे हो। हमने यहाँ पर 2 ही चपटरटर पढ़े हैं, हो सकता है सर वो पचंचों चपटरटर ही डफरटरेंट आ रहे हों। तो उसमें सकरोर करने के लएए हमररे सकलूल वलली नलजेज कमम आएगी की सकलूल के टचरस्स ने जो पढयया उनहहीं से ही सखख कर, उनहहीं के ही एगजमाम में मतलब सकलूल वलले एगजमाम में हमने परफरम्म कर दयया।
सथथ में हमररी की परपरशनेशन यहाँ से चल रही है।
कयया मररी बतत समझ गए।
हललो नअ इज़ तहइस कलएअर टू एवरवनन
कलएअर
और आपको 1 चजज समझनी पडगेगी की तहए इज़ 9 परफकट्ट टइमम टबलल 1 लइनन में अगर मैं इस बतत को खतमम करूँ
तो तमम भी आप इस बतत को जनतते हो की मैं तमह्हे 1 टइमम टबलल बना के दू की बटटा",Attention to Chat,"Directly acknowledges students' journey in a relatable, conversational style—strong call-to-chat moment for Shorts.","Begins at actionable chat advice and ends with a clear, direct call to students, perfect for a conversational, relatable Short.",https://drive.google.com/file/d/1YC0wdhUZv9MSSY9g1F29uWgMnH4vRIVP/view?usp=drivesdk,0.9
,,,,,1LQzodKSSmK74QRKp4oD7PDMA34uaxsF8-7,0:04:31,0:05:20,"सरर फलड्ड इसलएए है कयकोंकि गलसास पररा फलल करना था, गलसास पररा फलल करने का मतलब है की हमें आज वलले दनन में ये टसक्क कमपलटीट करने थे, बट मैं नहीं कर पयया
मैं आपसे कहगँगा की आप आये फलड्ड की जगह
आप एटटयडयूड ये दखखो की इतना कर लयया,
इतना तो हआआ
दटट मसंस जब आप ये इतना तो हआआ वलली फलल लकके आओगे तो दसस इस द ससंस ऑफ
अचवमटेंट
की है सरर इतना कर लयया। आप मनगोगे नहीं इस बतत को इतना भी बहतत सररे लगग नहीं कर पा रहे हैं, समझे की नहीं समझे तो इसको कटटा लगएए
इस पर
फकसस कजएिए की अगर मनन लो टसक्क आपका 1 दनन में 20 सवलल सलल करना था मचच का
आप अगर 10 कर पएए तो में आपको ये नहीं दखनना है की 10 सर मररे तो रह गए,
मैं तो फ़लल हो गया, मैं कससी कमम का नहीं हूँ, मैं डी मटवटवेट हो गया, मररा यह कलयरयर नहीं हगगा ये सब बततें नहीं सचननी है आपने सचचा की 10 हो गए 10 और बचे हैं टइमम नकलाल कर इन करर करगंगा तो कनन सा एटटयटयूट रखना है। इतना तो हआआ कम से कम आया।",Inspiring Story,A classic pep talk converting perceived failure into a success narrative—parallels trending 'Rank Boost' motivational content.,"Starts with the relatable struggle and pivots into the motivational turnaround, ensuring complete self-contained narrative with the original brief.",https://drive.google.com/file/d/1rBZDwY74_OLut4O8rZqD6rPwkAKPjzK-/view?usp=drivesdk,0.92
,,,,,1LQzodKSSmK74QRKp4oD7PDMA34uaxsF8-8,1:57:18,1:58:27,"बचचचे आपके परट्टी भगग रहे है और परट्टी कसस चज़ज़ की है परट्टी की शरआतआत की।
पता नहीं परट्टी परट्टी
बता
भईई दखखो। जब बचचचों को परट्टी 2 ना तो मररा नबरर तो तमहरहारे पसस में ही मसस कलल मरर
कल बलकलुल बलकलुल
मलल के लगगंगे परट्टी
मलल के जो दे दे भईई
मलल के नहीं है ऐसा कछछ पगगा नहीं लनना अपने को
दननों भईई मलल के
दसररे भईई के पसस तो पससे ही नहीं है मररे पसस कईई पससे
थड़ड़े पससे
बतओओ बचचचों बतओओ दखखे कसकके पसस पससे है की नही
मररे पसस पससे नहीं है बतओओ यरर
मनंने अपनी तो गरबबी बता रखी है को
मझझे बलतते है गड़ड़ी गड़ड़ी मनंने कहा मररे पसस 2 सलल से 1 ही गड़ड़ी है मनंने गड़ड़ी नहीं चजंज करी कहा ऐसी गड़ड़ी नहीं आपने ये भी तो नहीं बतयया न की जसस टइमम पर लगग सकटूटी में भी नहीं चल पा रहे थे
और मटरर सइकलिल जो 60 हजरर रपएए की रही थी वो भी आई पर ले रहे थे उस टइमम पर मनंने गड़ड़ी ले ली थी ये तो नहीं बतयया आपने
लकनिन आप इसकी वलय्यू दी न।
अब दखखो लगग फरर कहते हैं सरर
घमताते है डएमम डबललू में",Funny Story,"Hilarious skit lampshading student/class 'party', money, and 'poverty'—follows both humor and trending expectation-vs-reality meme themes.",Cut to maintain the relatable party expectation versus reality joke complete with the teacher’s poverty punchline for a full comedic story arc.,https://drive.google.com/file/d/1NUUCGQRjnTeY_qACgnPBwqRCJWeAt2mG/view?usp=drivesdk,0.97
,,,,,1LQzodKSSmK74QRKp4oD7PDMA34uaxsF8-9,0:05:54,0:06:46,"नो एनी टइमम टबलल या ऐसा कईई भी रसत्ता नहीं है जसममें आप ये बललो की ये दननों बहतत आसननी से मनजेज हो जयगेंगे। अगर आपको थड़ड़े आगे की बतत करूँ करबनन करबनन, सपटमबर्बर की बतत करूँ तो आपके सकलूल में सकलूल पपरस्स भी आ जयगेंगे जसकको आप पी टी या टी बलतते हो
उन दननों में तो आपका बकलगॉग पी डबललू जो है वो बहतत रह जएगगा इसका टसक्क तो छड़नना पड़गगा आपको कयकोंकी घरवलले जो है वो सकलूल एगजमाम के मरकसक्स दखतते है तो हमें सरर वहाँ पर भी परफरम्म करना है, वहाँ पर भी हमें अचछछे से सकरोर करना है
तो आगे चल कर तो और सचएशनशन बगड़नने वलली है
जनकका सकलूल डमी है बहतत अचछछी बतत है भईई जनकका सकलूल रगलरलर है तो इसमें आप पी डबललू और सकलूल को 1 सथथ कससे मनजेज कर सकते हो
दननों का
दननों के एटलसट्ट कमम पर धयनान दजयिये की इतना तो कम से कम कर ही लनना है।
अब जससे सकलूल की बतत करूँ
तो सकलूल आ जतते हगंगे वहाँ पर ऐसा नहीं है कि आपको जससे सकलूल में एटरर हएए तो बस जससे एटरर हएए वहाँ से लकरर एगजटिट हगंगे सर हमररे पे टसक्क टसक्क दएए जा में कमम कमम दयया जएगगा सा नहीं है कईई न कईई फररी परडिड आएगा कईई न कईई वहाँ पर आपके पसस थड़ड़ा बरदगदिंग सपसेस आएगा तो उस बरदगदिंग सपसेस में आप पी डबललू के",Tips and Tricks,"Direct, practical advice for JEE/NEET aspirants on managing school and coaching—maps to trend 'Jugaad Study Hacks'.","Includes the direct study hack advice and practical roadmap, resulting in a focused, actionable Tips & Tricks moment for JEE/NEET viewers.",https://drive.google.com/file/d/124Y7-lBY_KwdaiEfgPVB6SpSiDDcXsVC/view?usp=drivesdk,0.88
,,,,,1uj3k-_Bb8zv_LYnujZM-r9PgsPmASynk-0,0:01:13,0:01:33,"बहतत बढ़यया, जब भी अचछछा करगगे मैं तमहरहारी तरफीफ करगँगा
और जो तमनने थड़ड़ा सा भी नटकक करा।
अभी दरर फटट का की
बतत समझ में यही ऐसी मरगूँगा ऑनलइनन पटईाई
ठकक है
यरर ये आइडयया अचछछा है ऑनलइनन पटईाई का आइडयया कससा लग रहा तरकको
बहतत बढ़यया आइडयया है",Funny Joke,"This segment delivers a sharp, funny teacher's quip with classic class-roast flavor, matching trends in exaggerated teacher-student classroom humor.","Focused on the punchy setup and payoff of the teacher's classic roast, delivering a full comedic arc from set-up to punchline within the time limit.",https://drive.google.com/file/d/1955O5w6DFDFdiGYmXWxuJ3ImvQw70cIv/view?usp=drivesdk,0.92
,,,,,1uj3k-_Bb8zv_LYnujZM-r9PgsPmASynk-1,0:02:37,0:02:50,"गडड ivninगअचछअभअभी तो कफफी गडड इवनगंग वलले हैं इसका मतलब ये लटट आ रहे हैं कलसास में है
चलो 1 बरर इनके लएए भी गडइनगडइवनगनिंग कर दतते हैं। भईई
गडड इवनगंग भयया गडड इवनगंग
लटट मत आया करो कलसास में गलत बतत है,
है",Sarcastic Line,"This quick, punchy roast on latecomers is very relatable for students and matches the 'Classroom Masti' trend.","Trimmed to start with the latecomers joke setup and end after the punchline reprimand, creating a relatable, punchy, self-contained moment.",https://drive.google.com/file/d/1IabNkCaOE2alvZbiBcffYvPSmYAc1GTW/view?usp=drivesdk,0.91
,,,,,1uj3k-_Bb8zv_LYnujZM-r9PgsPmASynk-2,0:11:23,0:12:12,"22 वरसजेज गरलस्स पलल
अचछछा तो 22 वरषष गलसस का पलल करनना चहह रहा है, कयया डपरशनेशन मे जयगेगा रहने दे,
ठकक है सररी उममदीदें तररी टटट जएगगी,
पलल मत करबबे,
मैं बता रहा हूँ,
सररी उममदीदें टटट जएगगी, तररी
बतत समझ में डपरशनेशन में चला जयगेगा और 1 परसटंट अगर पसबलटिलिटी के बररे में तो सचच भी रहा है तो वो खतमम करवा दगंगा, भयया बलववा के
है फरर मैं भयया बलववा दगंगा वही तमहरहारी पसबलटिलिटी में खतमम हो जएगगी।
शयररी सनईाई तो थी यदद तो आ रही मझझे इससे
अगर ऐसी हरकत करगगा तो दखख न, तररी आखखों से आसओुओं की धररा बह जएगगी।
हाँ",Funny Story,"This segment is a hilarious exaggeration of exam emotional drama, matching 'Expectation vs Reality' and exam humor trends.","Selected from challenge setup through to the emotional payoff and final punchline, forming a hilarious complete micro-story on exam drama.",https://drive.google.com/file/d/1SM_Z4PXokfe6lmYh-r6ch2tteyWOgHrZ/view?usp=drivesdk,0.93
,,,,,1uj3k-_Bb8zv_LYnujZM-r9PgsPmASynk-3,0:12:04,0:12:42,"शयररी सनईाई तो थी यदद तो आ रही मझझे इससे
अगर ऐसी हरकत करगगा तो दखख न, तररी आखखों से आसओुओं की धररा बह जएगगी।
हाँ
सनना है न,
तररी आखखों से, तररी आखखों से आसओुओं की धररा बह जएगगी
और तररी जदगदगी से खशशी चली जएगगी।
और जसस लएए तू मझससे पलल कर आना चहतता है
वो सररी लडकयियां। 1 दनन तमह्हें भयया कही जएगगी,
ठकक है, इसलएए पलल मलल के चककरर में मत
सररी खशशी हगगी गरजुजी। चलो शररू करते हैं भईई सहबब, बहतत",Shayari,"This poetic, emotional punch fits the 'Shayari' trend and is perfect for Shorts with an emotional/relatable vibe.","Trimmed to a tight poetic arc, including the shayari punch, emotional build, and satisfying ending transition, maximizing emotional resonance.",https://drive.google.com/file/d/1GVWT_NTSxIdc0Px4dMz2lfc3B0IVER5E/view?usp=drivesdk,0.88
,,,,,1uj3k-_Bb8zv_LYnujZM-r9PgsPmASynk-4,0:07:07,0:07:32,"तररा जो है चपटरटर आता है उसमे हम ये चजज पढ़ते है।
बललो अगर तररे को 50 परसटंट समझ में आ गई न तो तररा फजकसक्स में कमम चल जएगगा ये खदद में 1 चपटरटर है आप चहहो तो कससी के बदद टवलथल्थ कलसास की मथयसककतबीकिताब पढ़ी हो तो
चपटरटर आता है टजटजेंट नरमलमल ठकक है तो वहाँ पर हम लगग इस चजज को बढ़ते है।
बललो अब लखख लयया तो मैं तो लखखी ले यरर
इतना बता ही दयया मनंने
तो भईई लखख ले। समझ आ गया
ये समझ गया तू डवईाई टजटजेंट पवइटइंट अरे सर कनन सा पवइटइंट 1 दटट पइटंट करे, कनन सा पइटंट पवइटइंट तू बता दे बलला",Attention to Chat,"Directly addresses students in a humorous and slightly mocking teacher-student way, great for Shorts prompting engagement.","Selected from explanation to a humorous call to the audience, ensuring complete arc directed at engaging viewers for Shorts trend.",https://drive.google.com/file/d/1d747UIcSxZp8ibsRKp4g9RvowM7T_UEr/view?usp=drivesdk,0.86
,,,,,1uj3k-_Bb8zv_LYnujZM-r9PgsPmASynk-5,0:15:49,0:16:24,"कयकूंकी इस बचच की जतननी भी चरयियाँ है,
वो बठठ कर पढ़ईई करती है,
नटस्स बनतती है
समजज मररी बतत धयनान से सररी, बततें सनतती है,
बढ़यया तरकके से चजजें सनतती है लखनने पर, सननने पर धयनान दतती है, टइपगिंग पर नहीं आती है वो लगग उनको अगर मैं कभी कभी बलल दतता हूँ की कनयओाओं हरा हरा हटट टइपप करो, वो तभी सकरनरीन के पसस आती है, और भी बहतत सररे हरे हटट टइपप करती है, और वो चली जतती है। वपसस अपनी जो है, पढईई पर लग जतती है,
है
नकसटस्ट आरटकलकल
और कभी कभी वो इशररा भी समझ जतती है,",Tips and Tricks,"This witty observation about focused vs. chatty students is relatable, engaging, and taps into influencer ‘call to chat’ trends.","Maintained clever observation and banter about focused vs. chatty students, ending after the clear comedic punch and callout.",https://drive.google.com/file/d/1oJQuansWT-kH94dCCaarxji9cBV8qCko/view?usp=drivesdk,0.87
,,,,,1uj3k-_Bb8zv_LYnujZM-r9PgsPmASynk-6,0:22:21,0:22:45,"दखख, जब तक ये पलल नहीं है न तब तक उममदीद कयमम है
ही है। तो उममदीदों पर ठकररा सवलल कर, जलददी से
भी
पलल सवलल कर, जलददी से,
जलददी से
हो गया। दखख कससे करगगा
सर जी मनने हा जी, सर जी गरजुजी दखखो वइरसेस बरबरर हगगा। कयया हगगा",Moral Boost,"Motivational and relatable, encourages learners to persist; fits trend of humorous-hardtruths from teachers in study reels.","Selected inspirational and relatable advice arc, from motivational buildup to a relatable, engaging finish fitting teacher-study reels.",https://drive.google.com/file/d/12dIuZE8bSQjyIQGbVIqnC9TPxTTUth97/view?usp=drivesdk,0.85
,,,,,1uj3k-_Bb8zv_LYnujZM-r9PgsPmASynk-7,0:25:27,0:25:59,"ठकक है, कयया इसकी जररतत फजकसक्स में पड़गगी नहीं पड़गगी
नहीं पड़गगी फजकसक्स में इसकी कहीं जररतत नहीं पड़गगी
नहीं पड़ने वलली मैं हूँ यहाँ पर,
अगर पड़गगी तो बता दगंगा उस ममटेंट पर,
ठकक है न करो जलददी फटफटट से है इसकी जररतत
अचछछा 1 यरर मैं तझझे वो सवलल तो करा दूं जो बकस्स में तझझे मलल जतते है। दखख कतबाबों में ऐसे सवलल मलतते है। वईई बरबरर
1 पलसस, एकसस सकवयरायर बटे,
एकसस सकवयरायर पलसस
तो वइडड बतओओ
ये फलततू के परशनान करने वलले सवलल मलल जयगेंगे। तझझे कतबाबों में मरकटकेट की जतननी भी कतबाब चल रही है तो घबरनना नही है बस मचच से फजकसक्स में इसका इसतमलमाल नहीं हगगा मै तू कर ले कससे बलले दखखो हम सधधे लखगेंगे नचचे वलला फकशनशन,",Tips and Tricks,"Lighthearted, practical advice on focusing on what matters in exams; fits viral study-meme/teacher tip trends.","Trimmed to highlight the key teacher advice and follow-up on practical exam questions, finishing with concrete study encouragement.",https://drive.google.com/file/d/1bWZqYu9eWGb__xKupK9hpDinn9o7JYT7/view?usp=drivesdk,0.84
,,,,,1uj3k-_Bb8zv_LYnujZM-r9PgsPmASynk-8,0:51:36,0:51:50,"ऑल दन कषण्णा शबशाश सरयशयांश
बहतत बढ़यया परसिंस
खशशी आदरशश,
जररो
बहतत बढ़यया
गजब,",Sarcastic Line,"This is a sarcastic praise familiar to Hindi classrooms, matches fun viral banter and high-energy editing trend.","Isolated the high-energy core of the sarcastic praise, preserving the punch and viral classroom flavor for high engagement.",https://drive.google.com/file/d/1Sui-CHnCvASCwboSs8fG224ar-j7-PLW/view?usp=drivesdk,0.87
,,,,,1uj3k-_Bb8zv_LYnujZM-r9PgsPmASynk-9,1:15:31,1:16:04,"अपने अकक में अकलल थे, मररे। 1 मनंने उन अकलल से बलला यरर समझा 2 ये
अकलल ने समझयया मररी फरर भी समझ में नहीं आया,
मैं बड़ा परशनान बन गया,
दमगाग खरबब हो गया, आजकल दमगाग चल नही रहा, मररा डफरसरेंस समझ में नहीं आया, फरर मझझे यदद
में था
अलववा में फरर मैं गया, यनवरसट्सिटी चरईाई पे
नदंद नहीं आई मझझे 2 दननों तक
मझझे ऐसा लगा मररी फजकिक से नकलल जएगगी जब कि मझझे यह समझना चहएिए था कि मचच से फजकसक्स थड़ड़ी
मैं गया यनवरसट्सिटी छरपरवहपरकयरकया सकडेंड कतबाब मलला। करती थी।
मनंने 1 सथथ जतननी कतबाबें दखखी मझझे डफरसएशनसिएशन की सररी कतबाबें खरदद ली सकडेंड",Emotional Story,"A comedic, relatable story of student struggle with studies—fits classes' memes, storyteller engagement, and #Relatable trend.","Selected the struggle and relatable realization arc, trimming for tight narrative and leaving with the solution-pivot punch of the student’s journey.",https://drive.google.com/file/d/1Fj9IJSGo2dg2L-HaJLhBu7IWuQyff49E/view?usp=drivesdk,0.89
,,,,,1cZZZGSTXlLzPa9Whfwy6y1-Qx0pHVWEK-0,1:47:20,1:47:54,"मटवशनलशनल पलसस टरलरलर दननों कहननी है। अभी तो आगे इसमें बहतत खतरनकक चजजें हनने वलली हैं। भईई
तमह्हें पररी कहननी मजकक लग रही थी,
अभी दखखो इसमें कतनना खतरनकक मड़ड़ आया है।
बहतत ही समपलपल सी और बहतत ही सटकक लइननें हैं जो कि आप रलटेट कर पओगगे
कयकोंकि यह सबके सथथ हतता है,
है, है यनना और पलजीज। मैं चहगूँगा कि इनको सननने के बदद में पलजीज अपनी जदगदगी में जररर उतरनना और इस बतत का धयनान रखना।
दमगाग में जो चल रही यह जगग है,
यह हर कससी के सगग है,
है
न?
सचच रहे हगंगे",Emotional Story,"This closing monologue is profoundly relatable and motivational, tapping into the daily struggles of students—a perfect viral snippet for emotional resonance and trend relevance.","Focused on the motivational thought, starting at the core narrative and culminating in a satisfying, relatable closure.",https://drive.google.com/file/d/1wTEvgBz-FTAjorsoPPgWhpbxnPV-JQYP/view?usp=drivesdk,0.93
,,,,,1cZZZGSTXlLzPa9Whfwy6y1-Qx0pHVWEK-1,0:24:26,0:25:23,"नडड फरडेंड, फरर जईई जरननी
बटटे
फरडेंड चहएिए। तझझे जे जरननी के लएए कनन सी जरननी पर जनना चहह रहा है। ये जे कहीं जनने वलली जरननी तो नहीं है। फरडेंड तझझे मलगेंगे कवलटलिटी और फरडसंड्स मलगेंगे जब तू आई आई टी में पहचँच जएगगा। अभी वलले फरडसंड्स में बठकरर कयया
कर? पओगगे डसकसकस बस इतना ही कि तररा बकलकॉक 5 लकचरचर का है, मररा 6 लकचरचर का है। तझझे मथस्स ही समझ में आती, मझझे कमसटर्ट्री नहीं, समझ में आती है या
ना? तररे फजकसक्स के कनसपटेप्ट कलल है, मररे कमसटर्ट्री के गलल है। बस यही बततें कर पओगगे
ना अभी अगर इस फरडेंड जनन को तमम थड़ड़ा सा रकक लतते हो ना द लकक ऑफ लकक फरर द डसकशनशन दटट यू आर गइगंग टू हवव इन आईटी डलली हसटलटल नबरर सवनन एडड यरर रमम नबरर वलल बी थरडड फलरोर फरथ्थ फलरोर जहाँ तक लफट्ट जतती है वहाँ पर अब तो दननों दसत्त मलकरर डसकसकस कर रहे हो बलले यरर
1 कपननी खलल लगगा
बलले भईई कसस चजज की
कससी भी चजज की कपननी खलल सकते हैं लगगो को कसस चजज में दककतकत आ रही है। है न
जरा तू बड़ी कईई कपननी हमररे खलफाफ भी खड़ी कर दे।
एड टकक
है
ना?",Funny Story,This funny rant about 'friend journey' in IIT brilliantly captures student humor and viral 'relatable' trends.,"Clip focuses on the relatable 'IIT friend journey' rant from premise through punchline, making the student humor complete and self-contained.",https://drive.google.com/file/d/1lLq1fLZCWb_7lyNO_mv3XHiTMfJ145Lo/view?usp=drivesdk,0.96
,,,,,1cZZZGSTXlLzPa9Whfwy6y1-Qx0pHVWEK-2,0:02:04,0:02:54,"की बरड्ड गयबब हो गया और जससे की हम सभी भरतयीय जनतते है जगड़ाड़ू हतते है और हमररे पसस में कससी भी टकनकलिकल गलचिच का
इलजज है
कयया अगर रमटोट कमम नहीं कर रहा तो पटक के दखखो और अगर कईई टकनकलिकल चजज कमम नहीं करती चहहे वो लपटपॉप है चहहे वो मबइलइल है या सकरनरीन है री सटरटर्ट कर के दखखो, एवरी थगंग, इज, गनन, फकसडस्ड और ये सब चजजें हमें सथथ सथथ में मटवटवेट भी करती है
अगर आप कहीं पर अटक गए हो आपसे आगे नहीं बढ़ा जा रहा है तो अपने आप को री सटरटर्ट कर लो
री सटरटर्ट कर लो मतलब कि 1 बरर
सररे थटस्स को डलटीट कजएिए कि आगे कयया हगगा पछछे कयया हआआ मनंने अब तक कयया कयया आगे मैं सलकटक्ट ऊगगा ये सब डलटीट करो और तरतंत री सटरटर्ट करो बलले आज का दखतते हैं भईई आगे का बदद में दखगेंगे तो री सटरटर्ट में सबसे बढ़यया
नमसकरार नमसकरार नमसकरार रफरशरेश ऐसी नहीं हआआ था रसटरटार्ट ऐसी ही बतत बनी
चलएए",Funny Joke,"This tech joke about 'fixing with a restart' is both humorous and offers lighthearted motivation, matching viral teaching meme formats.","Kept the full joke arc, from Indian 'fixes' to tech-motivation, ending on the humorous reset punchline for memeability.",https://drive.google.com/file/d/1gOA_qqdw5cjixgZ_LXF6KmEGfhg6GHfT/view?usp=drivesdk,0.95
,,,,,1cZZZGSTXlLzPa9Whfwy6y1-Qx0pHVWEK-3,1:47:16,1:47:40,"करइमइम पटरलरोल चल गया, सर बचच में,
हाँ
मटवशनलशनल पलसस टरलरलर दननों कहननी है। अभी तो आगे इसमें बहतत खतरनकक चजजें हनने वलली हैं। भईई
तमह्हें पररी कहननी मजकक लग रही थी,
अभी दखखो इसमें कतनना खतरनकक मड़ड़ आया है।
बहतत ही समपलपल सी और बहतत ही सटकक लइननें हैं जो कि आप रलटेट कर पओगगे
कयकोंकि यह सबके सथथ हतता है,
है, है यनना और पलजीज। मैं चहगूँगा कि इनको सननने के बदद में पलजीज अपनी जदगदगी में जररर उतरनना और इस बतत का धयनान रखना।",Attention to Chat,"The line pokes fun at twisting stories dramatically, inviting chat engagement—a classic viral attention-grabber.","This cut fronts the dramatic setup and seamlessly flows into the twist, maximizing chat engagement and attention.",https://drive.google.com/file/d/1I_AQaSvCWyyc_8x7haqP37Y-g3qWqYO3/view?usp=drivesdk,0.9
,,,,,1cZZZGSTXlLzPa9Whfwy6y1-Qx0pHVWEK-4,0:02:12,0:02:54,"इलजज है
कयया अगर रमटोट कमम नहीं कर रहा तो पटक के दखखो और अगर कईई टकनकलिकल चजज कमम नहीं करती चहहे वो लपटपॉप है चहहे वो मबइलइल है या सकरनरीन है री सटरटर्ट कर के दखखो, एवरी थगंग, इज, गनन, फकसडस्ड और ये सब चजजें हमें सथथ सथथ में मटवटवेट भी करती है
अगर आप कहीं पर अटक गए हो आपसे आगे नहीं बढ़ा जा रहा है तो अपने आप को री सटरटर्ट कर लो
री सटरटर्ट कर लो मतलब कि 1 बरर
सररे थटस्स को डलटीट कजएिए कि आगे कयया हगगा पछछे कयया हआआ मनंने अब तक कयया कयया आगे मैं सलकटक्ट ऊगगा ये सब डलटीट करो और तरतंत री सटरटर्ट करो बलले आज का दखतते हैं भईई आगे का बदद में दखगेंगे तो री सटरटर्ट में सबसे बढ़यया
नमसकरार नमसकरार नमसकरार रफरशरेश ऐसी नहीं हआआ था रसटरटार्ट ऐसी ही बतत बनी
चलएए",Moral Boost,"Motivational segment using tech metaphors to inspire students to 'restart'—clever, relatable, and likely to resonate.","Selected from tech-motivation comparison to the poetic reset/refresh, ensuring a complete and highly relevant motivational arc.",https://drive.google.com/file/d/1ClkYu6hbTjZIGZKCigGftraBAi5JPWaB/view?usp=drivesdk,0.9
,,,,,1cZZZGSTXlLzPa9Whfwy6y1-Qx0pHVWEK-5,0:13:43,0:14:20,"हे परभभु मररे मन की इचछछा पररी हो जएए।
सभी बचचचों ने सही जवबब दयया हो। 1 टचरर हनने के नतते। इसके अलववा मैं और कयया चहतता हूँ
परभभु
टवटेंटी 8 परसटंट आपने अपने पसस रखे हएए हैं। कयया
चलएए इस दसस कलयरयर आसनन असनन है भईई। 2 चजजें मकस्स कर ले 1 तो टनन फफटनटीन डगर्री की वलय्यू उस करवा ली, दसररा थड़ड़ा रडकशनशन फरमलमूला लगा लयया। इसमें बदलल बना के लखगोगे की एगलल का झलल समझो
एगलल को दखखो
और सररे के सररे एगलस्स फफटनटीन डगर्री के आस पसस के हैं। बहतत बढ़यया",Moral Boost,"A wholesome teacher wish for students' success, uplifting with a sincere emotional appeal for virality.","Focused on the teacher's sincere prayer and hope for students' success, for a heartwarming, uplifting finish.",https://drive.google.com/file/d/1TxVWqUqRwOmgYLH9Wpa5rWYBFV2N3d26/view?usp=drivesdk,0.89
,,,,,1cZZZGSTXlLzPa9Whfwy6y1-Qx0pHVWEK-6,0:46:32,0:46:54,"कयया हआआ है,
लगग हआआ है, लगग हआआ है, लगग हआआ है 1 बरर जररर बतनना जरा नओओ इट नटट
नवव ओके है तो एन ओके लखख कर भजज 2
हा मझझे दखखा, लगग हआआ है,
लगग हआआ है।
लअग नो कअ
हललो नअ
कलearr है",Attention to Chat,"This repeated quirky prompt to the chat is highly meme-able and interactive, great for short viral edits.","Trimmed to the sequence of meme-able, repetitive prompts that drive maximum chat participation and have strong viral format potential.",https://drive.google.com/file/d/1_QGvmrDg7VEGvsJS1bw5V1X9jk43QJfG/view?usp=drivesdk,0.91
,,,,,1cZZZGSTXlLzPa9Whfwy6y1-Qx0pHVWEK-7,1:40:09,1:41:07,"सर ये भी 1 लडकका है और यह भी 1 लडकका है। दननों में दसत्ती हो रखी है। पलसस मतलब एडशनन मतलब दसत्ती
नगटवटिव मतलब दटट। इज डफरसरेंस। दननों लडककों में डफरसरेंस आ गया है।
फरर दननों लडकयियों में भी दसत्ती हो रखी है।
ठकक है पलजीज, कईई भी बररा ना मनने।
दसस इस
दननों लडकयियों में एडशनन मतलब
दसत्ती एडड डफरसरेंस। तो तमम जनतती हो। सर
दननों की कससी बतत पर
लड़ईई हो गई।
जब लडककों में दसत्ती हतती है
तो
दसत्ती का जो मजरर हसस्सा है,
ठकक है हा या ना।
2 लड़कों में दसत्ती हईई। पहले ये दरर दरर अलग अलग कमरे में रहते थे। अब ये घलल मलल के 1 सथथ 1 कमरे में रहगंगे। या फरर इनका घलल मलल गए हैं।
तो दसत्ती मतलब सरर एडशनन वलली चजज ये अपने पसस ही रखगंगे।
ठकक है। और इनके बचच में 2",Funny Story,A hilarious and relatable analogy using boys/girls and additions/differences—this type of quirky math analogy is prime for meme-style Shorts.,"Kept the analogy's full narrative arc, from 'boys' and 'girls' to addition/differences, concluding on the punchline for comprehensive humor.",https://drive.google.com/file/d/1e8_7nYkroplzL7gBxxrWOUYWnHRpyB-2/view?usp=drivesdk,0.92
,,,,,1cZZZGSTXlLzPa9Whfwy6y1-Qx0pHVWEK-8,1:48:04,1:48:51,"अपने हलतातों को दसररों से, तलनना कययों
अपने हलतातों को दसररों से, तलनना कययों
मैं ये कर दगंगा, मैं वो कर दगंगा। सबके समनने सब कछछ बलनना कययों
है। तमम कयया है, थड़ड़े से 24 सवलल सवलल हो जएए तो तमम बड़े जलददी लउडड हो जतते हो। बलले आई टी में सलकशन्शन हो गया, रकंक बकंक आ गई है, नबरर आ गए हैं, अब तो सर दखखो, मैं ये कर दगंगा।
इसलएए बलल रहा हूँ की अपने थटस्स को कटरलरोल करो।
दमगाग में जो चल रही यह जगग है, यह हर कससी के सगग है अपने हलतातों को दसररों से, तलनना कययों सबके समनने सब कछछ बलनना कययों
जब बररी सब की आती है तो बररी तररी भी आएगी,
जब बररी
सब की आती है तो बररी तररी भी आएगी,
उस दनन तू नहीं,
उस दनन तू नहीं तररी सफलता शरर मचएगगी",Shayari,This poetic advice about not comparing yourself is both lyrical and emotionally resonant—perfect for inspirational/high-engagement Shorts.,"Focused on complete poetic advice, structured start-to-end for a resonant, inspiring micro-story true to the viral shayari brief.",https://drive.google.com/file/d/1sAweP3WW4QMc68XQAvnEXJRhZfHYZqKk/view?usp=drivesdk,0.88
,,,,,1ejRAhiXeJCB8fvvFvmyqnHBHtT2nGLp7-0,0:00:17,0:01:24,"नमसकरार नमसकरार नमसकरार, सवगतगत है आप सभी का सवगतगत, आप सभी का तो अमजगिंग पलटफरमार्म ऑफ़ फजकसक्स वलला मररा नमम है, कयया है मररा नमम, मररा नमम है सचनन जखड़ड़ और मैं आप सभी लगगो को गणतत के बररे में थड़ड़ा सा जञनान दनने की कशशिश करता हूँ। ठकक है तो आज सभी लगग बहतत बहतत सवगतगत है आप सभी का 2 अमजगिंग पलटफरमार्म ऑफ़ फजकसक्स वलला बलकलकुल सही परट्टी, यसस कहाँ हो रही है परट्टी जहाँ भी हो रही है, मझझे एडरसेस बता दजयगयेगा पलजीज, मैं भी पहचंच जऊगंगा, नए कपड़े, नई शरटट, नई जनस्स, नए जतते पहनकर, जहाँ पर भी परट्टी हो रही है, जररर बतइएए परट्टी कईई दे ही नहीं रहा है भईई। आजकल सब लगग सरफ्फ परट्टी मगंग ही मगंग रहे हैं, मररे खयलल से अरजनुन के बचचचे मररा मझे हैं, परट्टी मगंगे नहीं परट्टी दगंगे और इतने सररे बचचचे मझझे सनन रहे हैं, कम से कम या 1 लखख परटयटियां तो मझझे मलननी चहएिए। कहा और ही है परट्टी। जलददी से बतओओ कहाँ पर है परट्टी कसकके घर पे, कस के मररे घर पे मररे, ये कससा घर है भईई मररा, ये कसनने लगईई है आग",Funny Story,"This opening segment features a humorous, highly relatable 'party' skit with rapid-fire jokes and repeated call-to-chat, matching trending #classroomskit and meme patterns.","Opened with the energetic intro and included the entire party skit, ending on a punchy and meme-worthy line for a complete, funny arc.",https://drive.google.com/file/d/1sc6Ys8UoS7GsDLGpZRLDDwUyQ3QARO7N/view?usp=drivesdk,0.98
,,,,,1ejRAhiXeJCB8fvvFvmyqnHBHtT2nGLp7-1,0:01:19,0:01:38,"कस के मररे घर पे मररे, ये कससा घर है भईई मररा, ये कसनने लगईई है आग और कनन लगनना चहह रहा है दगग मझझे बतओओ कनन है ये आप के घर परट्टी हो रही है कसस चजज की, भईई कसस चजज की। अब कयया चडढढी बनयनान खरदनने परट्टी दननी पड़गगी",Sarcastic Line,"Deadpan, quick sarcasm about 'party at your home but party of what' is punchy and meme-friendly, fits trending relatable classroom humor.","Focused on the full sarcastic progression, from 'party at your place' to the deadpan punch about buying underwear, for maximum meme impact.",https://drive.google.com/file/d/1GRAEqo95KsFFdJXzu8WVYO9OMQh5vOQa/view?usp=drivesdk,0.92
,,,,,1ejRAhiXeJCB8fvvFvmyqnHBHtT2nGLp7-2,0:01:24,0:01:41,"ये कसनने लगईई है आग और कनन लगनना चहह रहा है दगग मझझे बतओओ कनन है ये आप के घर परट्टी हो रही है कसस चजज की, भईई कसस चजज की। अब कयया चडढढी बनयनान खरदनने परट्टी दननी पड़गगी फरर तो आदमी परट्टी दनने के चककरर में पता चला,",Funny Joke,"Sharp, unexpected punchline about buying underwear for a 'party'—highly memeable and easily clipped for Shorts; matches viral exam-humor trend.","Captured the confusion setup and witty punchline about 'party for buying underwear', keeping joke context and flow tight for Shorts.",https://drive.google.com/file/d/1lhocY8ehujF8KT7n130KtCrl4YDrR-jG/view?usp=drivesdk,0.95
,,,,,1ejRAhiXeJCB8fvvFvmyqnHBHtT2nGLp7-3,0:03:42,0:04:04,अरे 8 है का लकचरचर हे भगवनन मररा कनन सा लकचरचर है ये मैं धररे धररे शरट्ट टइमम गजनी कससे बनता जा रहा हूँ। लकचरचर ही भलल जा रहा हूँ की मररा कनन सा लकचरचर है टरगनमकफकनकफंकन में आज लकचरचर नबरर 7 के बदद में 8 आता है। मैं तो डर ही गया। अरे बबबा एनवरसरसरी,Funny Joke,"Witty reference to turning into Ghajini due to confusing lecture numbers, referencing Indian pop culture and classroom confusion—strong relatability and humor.","Trimmed to start with the relatable lecture confusion and finish on the pop culture Ghajini reference for a strong, self-contained joke.",https://drive.google.com/file/d/1zcv_lboCkcuenhA_OxdV4y1LMcTO3-JA/view?usp=drivesdk,0.93
,,,,,1ejRAhiXeJCB8fvvFvmyqnHBHtT2nGLp7-4,0:05:50,0:06:11,"चलएए लसट्ट कलसास का रवजनजन करते हैं। पलजीज फकसस कजयिये टरगनमटरोमेट्री बहतत ही ससटविटिव टपकिक है, भईई, इस में मजा भी आता है। और 1 बरर इसने असली रपप दखखा दयया। न टरगनमटरमेट्री इज जसटट लइकक गरलफरडरेंड है। हा मजा बड़ा ता है, परनततु अगर मनन लो गरलफरडरेंड रटट गयी तो उसके बदद में भईई सबब गड़बड़ हो जतता है।",Funny Story,"Playfully comparing trigonometry to a girlfriend—funny, fresh analogy; fits relatable #studyhumor, perfect for meme edit and trending short form.","Focusing on the revision setup and the complete girlfriend analogy delivers a crisp, self-contained, and hilarious relatable micro-story.",https://drive.google.com/file/d/1GPx7piiKGj6tTI0yVN_Av96_E-q_BvY3/view?usp=drivesdk,0.97
,,,,,1ejRAhiXeJCB8fvvFvmyqnHBHtT2nGLp7-5,0:05:22,0:05:38,एडरसेस बतओओ पगलल मझझे पगलल समझा वससे मचच के मसटरटर को पगलल ही समझा जतता है। बट सच में। थड़ड़ी समझा मैं तमह्हें अपना एडरसेस बतऊगँगा गदद। 2 गदद हो तमम गि एडरसेस बततते तो भईई पता चला बहरर लमबबी कतररें लगी हईई हैं,Funny Story,"Improv setup about being called crazy and everyone wanting an address, spiraling into a joke about long queues—matches trending 'teacher-student' memes and humor style.","Started with the improv call for addresses and wound through the 'crazy teacher' beat to the punchy reveal of 'long queues,' maximizing the meme arc.",https://drive.google.com/file/d/18YUdlrzLk5mCHYKWqHTRw1KL0fmEOQVO/view?usp=drivesdk,0.9
,,,,,1ejRAhiXeJCB8fvvFvmyqnHBHtT2nGLp7-6,1:01:32,1:02:30,"और अगर फरर भी आपको ये बतत नहीं समझ में आती है तो आप इसको 5 बरर लखख कर दखएगएगा पलजीज यदद करने का यही तरकका है 5 बरर 1 सथथ लखख कर दखख लो या फरर अपने समनने चपकका लो दखख दखख के यजज करो की मइनसस पलसस। अब धयनान रखगंगे अब 1 सवलल मैं आपको घर पर सलव्व करने के लएए दे रहा हूँ जो की पहले दखखो मझझे टरगनमटरकमेट्रिक टरमम समम वलली मइनसस सइनन के सथथ दखखी, पलसस सइनन के सथथ दखखी फरसट्ट कवरटट्टेट में एगलल अलफफा हमें दे रखा है अलफफा पटट करना आसरर, आ जएगगा बसकलकली दसस इस यरर हमम वरकक और ये फरमलमूला एपलकशनेशन है। आज इसी समपलफकशनफिकेशन वलले में बहतत सररे सवलल दगंगा घबरओओ मत तमम दखगोगे कि तमह्हें परकटस्टिस ये फरमलमूला यदद हो जएगंगे। अगर तमम इतने सररे कशनन सलव्व कर लतते हो यह दखख और ये सररे फरमलमूले में वही हो रहा है सब मे सब में, यही हो रहा है। 2 एडशनन में है, यह 2 एडशनन में है, फरमलमूला लगओओ डवइडइड करो,",Tips and Tricks,"He describes a smart formula shortcut for trigonometric identities—a concise 'hack' moment, matching JEE/NEET trend for study hacks and high-value engagement.","Focused tightly on the actionable study hack and its explanation, delivering a clear, cohesive formula tip with a motivational finish.",https://drive.google.com/file/d/1Br1cY0OCisCIbmzEFRHJQnUNtSnWPCVZ/view?usp=drivesdk,0.88
,,,,,1ejRAhiXeJCB8fvvFvmyqnHBHtT2nGLp7-7,0:26:27,0:27:08,"गडड, कयया आपने ऐसे ही सलव्व कयया। सो यहाँ आरपप को चजज कयया करना था, रसत्ता ढढनढना था की हम कससे लकंक कर रहे हैं इस इकवशनशन को डवइडइड करना। 1 हमररा ऑपशनन था और एकसस को एलमनटनेट करना वो हमररा दसररा ऑपशनन था। आप चहहो तो यहाँ से वईई को भी एलमनटनेट कर सकते हो, सइनन वईई और कसवईककफसटोफिसेंट वन बनओओ और सकवयरायर करके फरर जड़ड़ 2 तो वईई एलमनटनेट हो जएगगा। शबशाश चलएए लो भयया ये वलला सवलल परवूव कर 21 खदद करो 1 मैं करके दखताता हूँ की अगर सइनन के अनदरर 3 एगलल आ जएए तो ठकक है सइनन के अनदरर 3 एगलल आ जएए। तो दखखो अगर ये सवलल मैं तमह्हें नहीं बततता तो तमम में से बहतत सररे बचचचे यहाँ लखतते है। तमम मे से बहतत सररे बचचचे यहाँ लखतते सर। वो 3 एगलल वलला तो बतयया ही आपने तन के अनदरर 3 एगलल बता दयया। सइनन के तो बतयया नहीं तो मनंने का सइनन के अनदरर 3 एगलल का फरमलमूला ये हतता है।",Attention to Chat,Classic call-to-action for viewers to try the problem themselves before the teacher solves it—a proven engagement booster as per channel trends.,"Cut to begin with praising chat engagement and continue through the challenge-to-chat CTA, ending after he reveals part of the solution for completion.",https://drive.google.com/file/d/1J17T2a39R0JlkwCTPODaeg79b3whTGUA/view?usp=drivesdk,0.87
,,,,,1ejRAhiXeJCB8fvvFvmyqnHBHtT2nGLp7-8,1:31:53,1:32:18,"अब जरा दखनना लइनन बईई लइनन अपरचोच बता रहा हूँ। सबसे पहले अपरचोच अजबब सी एगलल दखख रहे। सरर कससी पर भी वलय्यू नहीं बता। मैं 2 को जड़ड़ के दखखा, सर बन गयी बतत, बन गई बतत। इन दननों का सम आ रहा है नइनन टी, इन दननों का सम आ रहा है नइनटटी। तो हमें ये तो समझ में आ गया इन दननों को 1 सथथ रखना है। तो पहला सटपेप हमररा कलयरयर हो गया। दर इस टनन नइनन डगर्री, पलसस टनन टी, वन डगर्री, ये दननों 1 सथथ रहगंगे।",Tips and Tricks,"Mentions a smart new approach for solving, styled as a big 'aha' moment, which fits the coveted concise-tips format trending for study platforms.","Isolated the full 'aha' moment—concise explanation of the new approach and why it's clever, ideal for the study-hacks format.",https://drive.google.com/file/d/1k4D3whcExPSsqS-JN39UA8aER8JTf7Wg/view?usp=drivesdk,0.89
,,,,,1ejRAhiXeJCB8fvvFvmyqnHBHtT2nGLp7-9,1:31:24,1:31:40,"तो ये बहतत ही गलत बतत है, यरर कहीं न कहीं ऐसे टचरर मररे लएए बड़ा डी मटवटगेटिंग है की मैं उन बचचचों को पढ़ा रहा हूँ जो पढनना ही नहीं चहह रहे हैं। शयदद हाँ कई कई बरर मैं भी पसबलबल की रकक जओओ। अब सफफ सफफ दखख रहा है कि ये सवलल तरतंत सलव्व हो जएगगा। बि। तहए हलप्प ऑफ दसस",Emotional Story,"A candid, emotionally resonant moment where the teacher shares the demotivation of teaching uninterested students, which aligns with motivational/relatable trends.","Slimmed to the most emotionally impactful, candid teacher moment about student disengagement for maximum relatability and viral potential.",https://drive.google.com/file/d/1octaMJiRR9rUOK7NIR-6KQOpO_8lrJ1c/view?usp=drivesdk,0.91
,,,,,1ejRAhiXeJCB8fvvFvmyqnHBHtT2nGLp7-10,1:41:19,1:41:42,"डड बस इतना बहतत है चलएए कल मलकतकात हगगी और बसट्ट तरकका है फरमलमूला यदद करने का। 1 पजज पर लखखो अपने समनने रखो 1 पजज पर लखखो अपने समनने रखो दखख दखकरर इसतमलमाल करो। मनंने ये नहीं बलला है की अगली कलसास में जब आओगे तो मैं फरमलमूले आपसे पछनने वलला हूँ, सननने वलला हूँ, ऐसा कछछ भी नहीं है। चलएए थकंक यू सो मच बयय बयय लव यू आल कल मलकतकात हगगी बयय बयय",Moral Boost,"Uplifting outro with 'thank you, love you all'—classic positivity, ending on encouragement as per popular student-motivation Shorts trend.","Included the uplifting send-off and 'thank you, love you all' outro, ending full of positivity and closure typical of motivational Shorts.",https://drive.google.com/file/d/1xGYvdzokns1hR55crz_k-WbSkF1Jg7Qo/view?usp=drivesdk,0.85